Pnl_Dollar,Pnl_X,Direction,Entry_price,Exit_price,Entry_Idx,Exit_Idx,Exit_Reason,Entry_Time,Exit_Time,Entry_pct_atr,Result
1000.0,1.0,short,2.3286,2.2782,509,520,TP,2024-12-06 07:15:00+00:00,2024-12-06 10:00:00+00:00,1.0438195366444136,Win
1000.0,1.0,long,2.4441,2.4849,614,638,TP,2024-12-07 09:30:00+00:00,2024-12-07 15:30:00+00:00,0.76956144158928,Win
1000.0,1.0,long,2.5235,2.562,656,670,TP,2024-12-07 20:00:00+00:00,2024-12-07 23:30:00+00:00,0.9119363617674962,Win
1000.0,1.0,long,2.5451,2.5972,717,743,TP,2024-12-08 11:15:00+00:00,2024-12-08 17:45:00+00:00,0.8112606608699698,Win
-1000.0,-1.0,long,2.6037,2.5854,765,769,SL,2024-12-08 23:15:00+00:00,2024-12-09 00:15:00+00:00,0.772463055612919,Loss
-1000.0,-1.0,long,2.4339,2.3737,1039,1059,SL,2024-12-11 19:45:00+00:00,2024-12-12 00:45:00+00:00,0.967276849187328,Loss
-1000.0,-1.0,long,2.4198,2.4044,1106,1134,SL,2024-12-12 12:30:00+00:00,2024-12-12 19:30:00+00:00,0.7397488801023856,Loss
1000.0,1.0,long,2.4351,2.4716,1237,1270,TP,2024-12-13 21:15:00+00:00,2024-12-14 05:30:00+00:00,0.7294394044044493,Win
1000.0,1.0,short,2.4144,2.3996,1372,1429,TP,2024-12-15 07:00:00+00:00,2024-12-15 21:15:00+00:00,0.5456221540784982,Win
1000.0,1.0,long,2.5041,2.5659,1528,1570,TP,2024-12-16 22:00:00+00:00,2024-12-17 08:30:00+00:00,0.9660273172019667,Win
1000.0,1.0,short,2.3713,2.3301,1778,1788,TP,2024-12-19 12:30:00+00:00,2024-12-19 15:00:00+00:00,0.8963931947065135,Win
-1000.0,-1.0,short,2.2019,2.2521,2035,2054,SL,2024-12-22 04:45:00+00:00,2024-12-22 09:30:00+00:00,0.8732670404801,Loss
-1000.0,-1.0,short,2.17,2.2178,2116,2128,SL,2024-12-23 01:00:00+00:00,2024-12-23 04:00:00+00:00,0.9384777576443358,Loss
1000.0,1.0,long,2.2617,2.2669,2225,2262,TP,2024-12-24 04:15:00+00:00,2024-12-24 13:30:00+00:00,0.6455468213629287,Win
-1000.0,-1.0,long,2.3252,2.2991,2295,2351,SL,2024-12-24 21:45:00+00:00,2024-12-25 11:45:00+00:00,0.6669931349004217,Loss
-1000.0,-1.0,short,2.1564,2.1714,2516,2532,SL,2024-12-27 05:00:00+00:00,2024-12-27 09:00:00+00:00,0.6629686172018657,Loss
-1000.0,-1.0,short,2.1437,2.1679,2583,2648,SL,2024-12-27 21:45:00+00:00,2024-12-28 14:00:00+00:00,0.6066248882520509,Loss
-1000.0,-1.0,long,2.1872,2.1791,2702,2745,SL,2024-12-29 03:30:00+00:00,2024-12-29 14:15:00+00:00,0.3148895210949293,Loss
1000.0,1.0,short,2.1013,2.0662,2799,2806,TP,2024-12-30 03:45:00+00:00,2024-12-30 05:30:00+00:00,0.6823313161059719,Win
1000.0,1.0,short,2.0577,2.0369,2836,2842,TP,2024-12-30 13:00:00+00:00,2024-12-30 14:30:00+00:00,0.7472543679008734,Win
1000.0,1.0,long,2.1018,2.1283,2966,2998,TP,2024-12-31 21:30:00+00:00,2025-01-01 05:30:00+00:00,0.5903840574769851,Win
1000.0,1.0,long,2.1312,2.1396,3021,3025,TP,2025-01-01 11:15:00+00:00,2025-01-01 12:15:00+00:00,0.5372795861714704,Win
1000.0,1.0,long,2.2754,2.3219,3049,3052,TP,2025-01-01 18:15:00+00:00,2025-01-01 19:00:00+00:00,0.9483067303328799,Win
1000.0,1.0,long,2.3989,2.4269,3108,3177,TP,2025-01-02 09:00:00+00:00,2025-01-03 02:15:00+00:00,0.7259504744789722,Win
1000.0,1.0,long,2.4344,2.4514,3226,3234,TP,2025-01-03 14:30:00+00:00,2025-01-03 16:30:00+00:00,0.5659462328435318,Win
1000.0,1.0,short,2.4186,2.4085,3353,3364,TP,2025-01-04 22:15:00+00:00,2025-01-05 01:00:00+00:00,0.3675759192674729,Win
1000.0,1.0,short,2.3785,2.3721,3392,3399,TP,2025-01-05 08:00:00+00:00,2025-01-05 09:45:00+00:00,0.39790288350361064,Win
1000.0,1.0,long,2.4163,2.4372,3568,3579,TP,2025-01-07 04:00:00+00:00,2025-01-07 06:45:00+00:00,0.3959674552819353,Win
-1000.0,-1.0,short,2.3061,2.3263,3666,3696,SL,2025-01-08 04:30:00+00:00,2025-01-08 12:00:00+00:00,1.0004838752702307,Loss
1000.0,1.0,long,2.3484,2.3645,3968,3978,TP,2025-01-11 08:00:00+00:00,2025-01-11 10:30:00+00:00,0.38231437929342943,Win
1000.0,1.0,long,2.415,2.4345,3998,4003,TP,2025-01-11 15:30:00+00:00,2025-01-11 16:45:00+00:00,0.5594578843834066,Win
-1000.0,-1.0,long,2.5473,2.5106,4049,4070,SL,2025-01-12 04:15:00+00:00,2025-01-12 09:30:00+00:00,0.6320445492520188,Loss
-1000.0,-1.0,long,2.5389,2.4947,4129,4154,SL,2025-01-13 00:15:00+00:00,2025-01-13 06:30:00+00:00,0.6300626252386098,Loss
1000.0,1.0,long,2.5851,2.6154,4282,4292,TP,2025-01-14 14:30:00+00:00,2025-01-14 17:00:00+00:00,0.6321307387671615,Win
-1000.0,-1.0,short,3.177,3.2594,4671,4702,SL,2025-01-18 15:45:00+00:00,2025-01-18 23:30:00+00:00,0.912554052670059,Loss
1000.0,1.0,short,3.1104,3.0767,4789,4795,TP,2025-01-19 21:15:00+00:00,2025-01-19 22:45:00+00:00,0.9184234626140072,Win
270.16184457579305,0.27016184457579306,short,3.1029,3.0828,5156,5186,Signal,2025-01-23 17:00:00+00:00,2025-01-24 00:30:00+00:00,0.9483710773665728,Win
-1000.0,-1.0,short,3.0828,3.1399,5186,5203,SL,2025-01-24 00:30:00+00:00,2025-01-24 04:45:00+00:00,0.799250672638941,Loss
-1000.0,-1.0,long,3.1173,2.9618,5281,5491,Signal,2025-01-25 00:15:00+00:00,2025-01-27 04:45:00+00:00,0.4482534754669602,Loss
1000.0,1.0,short,2.9618,2.9175,5491,5498,TP,2025-01-27 04:45:00+00:00,2025-01-27 06:30:00+00:00,0.7757509109405054,Win
1000.0,1.0,long,3.1173,3.1371,5608,5616,TP,2025-01-28 10:00:00+00:00,2025-01-28 12:00:00+00:00,0.6434146868857181,Win
-1000.0,-1.0,long,3.1959,3.1305,5629,5649,SL,2025-01-28 15:15:00+00:00,2025-01-28 20:15:00+00:00,0.8419858026307536,Loss
381.6363574794981,0.3816363574794981,long,3.12,3.1376,5819,5836,Signal,2025-01-30 14:45:00+00:00,2025-01-30 19:00:00+00:00,0.4048924588200697,Win
-1000.0,-1.0,long,3.1376,3.0999,5836,5868,SL,2025-01-30 19:00:00+00:00,2025-01-31 03:00:00+00:00,0.49270512190203913,Loss
1000.0,1.0,short,3.0797,3.057,5921,5930,TP,2025-01-31 16:15:00+00:00,2025-01-31 18:30:00+00:00,0.4150916466355636,Win
1000.0,1.0,short,3.0402,3.02,5966,5989,TP,2025-02-01 03:30:00+00:00,2025-02-01 09:15:00+00:00,0.3949159686627347,Win
285.60599281512793,0.28560599281512794,short,2.9767,2.9647,6007,6027,Signal,2025-02-01 13:45:00+00:00,2025-02-01 18:45:00+00:00,0.4123671737303391,Win
1000.0,1.0,short,2.9647,2.9407,6027,6030,TP,2025-02-01 18:45:00+00:00,2025-02-01 19:30:00+00:00,0.47049781180710903,Win
1000.0,1.0,short,2.9027,2.8853,6058,6060,TP,2025-02-02 02:30:00+00:00,2025-02-02 03:00:00+00:00,0.7750964214089134,Win
1000.0,1.0,short,2.8742,2.8294,6088,6094,TP,2025-02-02 10:00:00+00:00,2025-02-02 11:30:00+00:00,0.717479841656653,Win
1000.0,1.0,short,2.7833,2.7469,6109,6115,TP,2025-02-02 15:15:00+00:00,2025-02-02 16:45:00+00:00,0.9405462332198324,Win
1000.0,1.0,short,2.5057,2.4607,6395,6402,TP,2025-02-05 14:45:00+00:00,2025-02-05 16:30:00+00:00,0.8447909520807573,Win
-1000.0,-1.0,short,2.3084,2.3597,6553,6567,SL,2025-02-07 06:15:00+00:00,2025-02-07 09:45:00+00:00,0.8585984073041475,Loss
1000.0,1.0,long,2.4201,2.4627,6695,6734,TP,2025-02-08 17:45:00+00:00,2025-02-09 03:30:00+00:00,0.6067709677585722,Win
-1000.0,-1.0,long,2.4204,2.3932,6780,6806,SL,2025-02-09 15:00:00+00:00,2025-02-09 21:30:00+00:00,0.6212490391655974,Loss
303.60014287330455,0.30360014287330456,long,2.4533,2.4634,6914,6930,Signal,2025-02-11 00:30:00+00:00,2025-02-11 04:30:00+00:00,0.5255310268953813,Win
1000.0,1.0,long,2.4634,2.4773,6930,6932,TP,2025-02-11 04:30:00+00:00,2025-02-11 05:00:00+00:00,0.4520094230211878,Win
1000.0,1.0,short,2.4111,2.447,7017,7062,TP,2025-02-12 02:15:00+00:00,2025-02-12 13:30:00+00:00,0.6456746466795616,Win
-1000.0,-1.0,long,2.4827,2.4574,7119,7130,SL,2025-02-13 03:45:00+00:00,2025-02-13 06:30:00+00:00,0.45415402197577104,Loss
1000.0,1.0,long,2.5748,2.588,7230,7232,TP,2025-02-14 07:30:00+00:00,2025-02-14 08:00:00+00:00,0.6163162086382267,Win
1000.0,1.0,long,2.7435,2.7543,7270,7276,TP,2025-02-14 17:30:00+00:00,2025-02-14 19:00:00+00:00,0.875824461316242,Win
1000.0,1.0,long,2.7609,2.8118,7300,7305,TP,2025-02-15 01:00:00+00:00,2025-02-15 02:15:00+00:00,0.8126240129093144,Win
-1000.0,-1.0,long,2.8014,2.7689,7330,7365,SL,2025-02-15 08:30:00+00:00,2025-02-15 17:15:00+00:00,0.6669427335502209,Loss
1000.0,1.0,short,2.7283,2.703,7487,7508,TP,2025-02-16 23:45:00+00:00,2025-02-17 05:00:00+00:00,0.5866305717555587,Win
1000.0,1.0,short,2.6647,2.6324,7550,7553,TP,2025-02-17 15:30:00+00:00,2025-02-17 16:15:00+00:00,0.7154614362934762,Win
1000.0,1.0,short,2.648,2.6088,7581,7608,TP,2025-02-17 23:15:00+00:00,2025-02-18 06:00:00+00:00,0.6111940542920228,Win
1000.0,1.0,short,2.5778,2.541,7643,7649,TP,2025-02-18 14:45:00+00:00,2025-02-18 16:15:00+00:00,0.7273413177387936,Win
344.13460454313304,0.34413460454313305,long,2.7136,2.7295,7795,7832,Signal,2025-02-20 04:45:00+00:00,2025-02-20 14:00:00+00:00,0.5408474582095759,Win
-1000.0,-1.0,long,2.7295,2.6942,7832,7839,SL,2025-02-20 14:00:00+00:00,2025-02-20 15:45:00+00:00,0.5675468186621073,Loss
1000.0,1.0,short,2.5736,2.5516,8101,8126,TP,2025-02-23 09:15:00+00:00,2025-02-23 15:30:00+00:00,0.3604013249254896,Win
276.28796973730374,0.27628796973730374,short,2.4507,2.4354,8218,8237,Signal,2025-02-24 14:30:00+00:00,2025-02-24 19:15:00+00:00,0.6759858035329158,Win
1000.0,1.0,short,2.4354,2.4039,8237,8247,TP,2025-02-24 19:15:00+00:00,2025-02-24 21:45:00+00:00,0.7532134217548235,Win
1000.0,1.0,short,2.287,2.2682,8398,8403,TP,2025-02-26 11:30:00+00:00,2025-02-26 12:45:00+00:00,0.7089080000400787,Win
1000.0,1.0,short,2.221,2.1832,8503,8508,TP,2025-02-27 13:45:00+00:00,2025-02-27 15:00:00+00:00,0.7705609703865876,Win
1000.0,1.0,long,2.1633,2.1793,8716,8727,TP,2025-03-01 19:00:00+00:00,2025-03-01 21:45:00+00:00,0.5605233562150934,Win
1000.0,1.0,long,2.492,2.5408,9093,9153,Signal,2025-03-05 17:15:00+00:00,2025-03-06 08:15:00+00:00,1.0453930030736176,Win
1000.0,1.0,long,2.5408,2.5676,9153,9155,TP,2025-03-06 08:15:00+00:00,2025-03-06 08:45:00+00:00,0.6358181314919156,Win
1000.0,1.0,short,2.5245,2.5035,9265,9280,TP,2025-03-07 12:15:00+00:00,2025-03-07 16:00:00+00:00,0.7209126909469548,Win
283.97140543104075,0.28397140543104077,short,2.3324,2.3188,9350,9377,Signal,2025-03-08 09:30:00+00:00,2025-03-08 16:15:00+00:00,0.6910574743406902,Win
181.30823799139625,0.18130823799139625,short,2.3188,2.3118,9377,9419,Signal,2025-03-08 16:15:00+00:00,2025-03-09 02:45:00+00:00,0.684447292763703,Win
-203.84151432388452,-0.20384151432388453,short,2.3118,2.3183,9419,9446,Signal,2025-03-09 02:45:00+00:00,2025-03-09 09:30:00+00:00,0.555003799513477,Loss
1000.0,1.0,short,2.3183,2.2987,9446,9448,TP,2025-03-09 09:30:00+00:00,2025-03-09 10:00:00+00:00,0.4597790784988821,Win
1000.0,1.0,short,2.169,2.1238,9473,9479,TP,2025-03-09 16:15:00+00:00,2025-03-09 17:45:00+00:00,1.0051522930299874,Win
-1000.0,-1.0,long,2.212,2.1681,9702,9712,SL,2025-03-12 01:30:00+00:00,2025-03-12 04:00:00+00:00,0.8317077855212915,Loss
1000.0,1.0,long,2.2557,2.2777,9830,9841,TP,2025-03-13 09:30:00+00:00,2025-03-13 12:15:00+00:00,0.5868482475252071,Win
1000.0,1.0,long,2.2677,2.3008,9883,9912,TP,2025-03-13 22:45:00+00:00,2025-03-14 06:00:00+00:00,0.7591172561285081,Win
1000.0,1.0,long,2.3683,2.3911,9979,9995,TP,2025-03-14 22:45:00+00:00,2025-03-15 02:45:00+00:00,0.5432129553646278,Win
-1000.0,-1.0,long,2.4125,2.379,10018,10088,SL,2025-03-15 08:30:00+00:00,2025-03-16 02:00:00+00:00,0.6606837461069104,Loss
-1000.0,-1.0,short,2.3006,2.3421,10158,10188,SL,2025-03-16 19:30:00+00:00,2025-03-17 03:00:00+00:00,0.7436990093663584,Loss
1000.0,1.0,short,2.2727,2.2589,10313,10326,TP,2025-03-18 10:15:00+00:00,2025-03-18 13:30:00+00:00,0.5128279080679461,Win
-1000.0,-1.0,long,2.547,2.4693,10458,10482,SL,2025-03-19 22:30:00+00:00,2025-03-20 04:30:00+00:00,1.0890759146827638,Loss
-1000.0,-1.0,short,2.3799,2.4085,10601,10634,SL,2025-03-21 10:15:00+00:00,2025-03-21 18:30:00+00:00,0.5620228300238395,Loss
-1000.0,-1.0,short,2.3858,2.4181,10648,10807,Signal,2025-03-21 22:00:00+00:00,2025-03-23 13:45:00+00:00,0.45898440782701194,Loss
-1000.0,-1.0,long,2.4181,2.4119,10807,10818,SL,2025-03-23 13:45:00+00:00,2025-03-23 16:30:00+00:00,0.3239380159950158,Loss
666.5207751169365,0.6665207751169365,long,2.4409,2.4624,10860,10883,Signal,2025-03-24 03:00:00+00:00,2025-03-24 08:45:00+00:00,0.44018985980079683,Win
1000.0,1.0,long,2.4624,2.4817,10883,10905,TP,2025-03-24 08:45:00+00:00,2025-03-24 14:15:00+00:00,0.440507723223696,Win
-1000.0,-1.0,long,2.4742,2.4488,10923,10940,SL,2025-03-24 18:45:00+00:00,2025-03-24 23:00:00+00:00,0.44671109952086385,Loss
-1000.0,-1.0,long,2.4589,2.4378,11044,11094,SL,2025-03-26 01:00:00+00:00,2025-03-26 13:30:00+00:00,0.3471127046421642,Loss
1000.0,1.0,short,2.3668,2.3479,11158,11183,TP,2025-03-27 05:30:00+00:00,2025-03-27 11:45:00+00:00,0.3428879900162588,Win
1000.0,1.0,short,2.3338,2.307,11203,11250,TP,2025-03-27 16:45:00+00:00,2025-03-28 04:30:00+00:00,0.5731426601589993,Win
1000.0,1.0,short,2.2091,2.1708,11285,11299,TP,2025-03-28 13:15:00+00:00,2025-03-28 16:45:00+00:00,0.6993950601569783,Win
1000.0,1.0,short,2.1928,2.1614,11334,11340,TP,2025-03-29 01:30:00+00:00,2025-03-29 03:00:00+00:00,0.5688617642023507,Win
1000.0,1.0,short,2.1452,2.1175,11349,11366,TP,2025-03-29 05:15:00+00:00,2025-03-29 09:30:00+00:00,0.6757807001579131,Win
-1000.0,-1.0,short,2.1068,2.1351,11393,11428,SL,2025-03-29 16:15:00+00:00,2025-03-30 01:00:00+00:00,0.7367392562656495,Loss
1000.0,1.0,short,2.0835,2.0443,11534,11560,TP,2025-03-31 03:30:00+00:00,2025-03-31 10:00:00+00:00,0.875556181161264,Win
1000.0,1.0,short,2.0438,2.0182,11834,11858,TP,2025-04-03 06:30:00+00:00,2025-04-03 12:30:00+00:00,0.7009620641743836,Win
1000.0,1.0,long,2.1343,2.159,12021,12042,TP,2025-04-05 05:15:00+00:00,2025-04-05 10:30:00+00:00,0.4205790108418308,Win
-1000.0,-1.0,long,2.1401,2.122,12093,12123,SL,2025-04-05 23:15:00+00:00,2025-04-06 06:45:00+00:00,0.3833947467410082,Loss
1000.0,1.0,short,2.067,2.0535,12160,12166,TP,2025-04-06 16:00:00+00:00,2025-04-06 17:30:00+00:00,0.5607805303592467,Win
-1000.0,-1.0,short,1.7983,1.786,12429,12438,SL,2025-04-09 11:15:00+00:00,2025-04-09 13:30:00+00:00,1.0409163468768081,Loss
-1000.0,-1.0,long,2.0251,2.0108,12529,12534,SL,2025-04-10 12:15:00+00:00,2025-04-10 13:30:00+00:00,0.7841538647424942,Loss
1000.0,1.0,long,2.0141,2.0402,12644,12648,TP,2025-04-11 17:00:00+00:00,2025-04-11 18:00:00+00:00,0.630440324956822,Win
1000.0,1.0,long,2.0228,2.0413,12689,12697,TP,2025-04-12 04:15:00+00:00,2025-04-12 06:15:00+00:00,0.40605015653215126,Win
1000.0,1.0,long,2.0864,2.0962,12724,12726,TP,2025-04-12 13:00:00+00:00,2025-04-12 13:30:00+00:00,0.44293007248285926,Win
105.59267714874997,0.10559267714874997,long,2.1499,2.1533,12747,12797,Signal,2025-04-12 18:45:00+00:00,2025-04-13 07:15:00+00:00,0.659206238326427,Win
1000.0,1.0,long,2.1533,2.1723,12797,12805,TP,2025-04-13 07:15:00+00:00,2025-04-13 09:15:00+00:00,0.49923566300046973,Win
-1000.0,-1.0,long,2.1743,2.1559,12838,12846,SL,2025-04-13 17:30:00+00:00,2025-04-13 19:30:00+00:00,0.75490338690939,Loss
-1000.0,-1.0,short,2.1369,2.1551,12949,12996,SL,2025-04-14 21:15:00+00:00,2025-04-15 09:00:00+00:00,0.5635536451381009,Loss
-1000.0,-1.0,long,2.1692,2.1642,13012,13017,SL,2025-04-15 13:00:00+00:00,2025-04-15 14:15:00+00:00,0.468052731398694,Loss
-1000.0,-1.0,short,2.07,2.0901,13109,13114,SL,2025-04-16 13:15:00+00:00,2025-04-16 14:30:00+00:00,0.5204301890073658,Loss
1000.0,1.0,short,2.0809,2.0472,13150,13261,Signal,2025-04-16 23:30:00+00:00,2025-04-18 03:15:00+00:00,0.6460317791784564,Win
-1000.0,-1.0,short,2.0472,2.0692,13261,13280,SL,2025-04-18 03:15:00+00:00,2025-04-18 08:00:00+00:00,0.46805184723543775,Loss
-1000.0,-1.0,short,2.0782,2.0923,13651,13664,SL,2025-04-22 04:45:00+00:00,2025-04-22 08:00:00+00:00,0.36044326646834585,Loss
1000.0,1.0,long,2.2263,2.257,13741,13760,TP,2025-04-23 03:15:00+00:00,2025-04-23 08:00:00+00:00,0.6210060064799311,Win
-399.7936381281389,-0.3997936381281389,short,2.1881,2.1974,13894,14022,Signal,2025-04-24 17:30:00+00:00,2025-04-26 01:30:00+00:00,0.7436562943798611,Loss
1000.0,1.0,long,2.1974,2.2015,14022,14042,TP,2025-04-26 01:30:00+00:00,2025-04-26 06:30:00+00:00,0.35437138727909123,Win
1000.0,1.0,long,2.2578,2.2863,14222,14237,TP,2025-04-28 03:30:00+00:00,2025-04-28 07:15:00+00:00,0.5482956323869183,Win
-1000.0,-1.0,long,2.284,2.2334,14284,14428,Signal,2025-04-28 19:00:00+00:00,2025-04-30 07:00:00+00:00,0.560486235255221,Loss
1000.0,1.0,short,2.2334,2.2164,14428,14431,TP,2025-04-30 07:00:00+00:00,2025-04-30 07:45:00+00:00,0.3632897275834108,Win
692.6771758112724,0.6926771758112724,short,2.1836,2.1684,14850,14872,Signal,2025-05-04 16:30:00+00:00,2025-05-04 22:00:00+00:00,0.3344596563414809,Win
1000.0,1.0,short,2.1684,2.1527,14872,14886,TP,2025-05-04 22:00:00+00:00,2025-05-05 01:30:00+00:00,0.3349796080046312,Win
1000.0,1.0,short,2.136,2.1127,14960,14984,TP,2025-05-05 20:00:00+00:00,2025-05-06 02:00:00+00:00,0.4625495341528606,Win
1000.0,1.0,short,2.1063,2.0943,14999,15009,TP,2025-05-06 05:45:00+00:00,2025-05-06 08:15:00+00:00,0.3726989336404092,Win
-1000.0,-1.0,short,2.0857,2.1031,15029,15033,SL,2025-05-06 13:15:00+00:00,2025-05-06 14:15:00+00:00,0.43669828015006074,Loss
1000.0,1.0,long,2.1906,2.2081,15197,15203,TP,2025-05-08 07:15:00+00:00,2025-05-08 08:45:00+00:00,0.40974271980134647,Win
1000.0,1.0,long,2.3268,2.3503,15292,15297,TP,2025-05-09 07:00:00+00:00,2025-05-09 08:15:00+00:00,0.5509707410373224,Win
592.7085198971843,0.5927085198971843,long,2.4164,2.4392,15400,15447,Signal,2025-05-10 10:00:00+00:00,2025-05-10 21:45:00+00:00,0.6438737283651406,Win
1000.0,1.0,long,2.4392,2.4711,15447,15456,TP,2025-05-10 21:45:00+00:00,2025-05-11 00:00:00+00:00,0.530644411945669,Win
-1000.0,-1.0,short,2.3467,2.3836,15511,15554,SL,2025-05-11 13:45:00+00:00,2025-05-12 00:30:00+00:00,0.5567835788394397,Loss
1000.0,1.0,long,2.5769,2.5829,15763,15775,TP,2025-05-14 04:45:00+00:00,2025-05-14 07:45:00+00:00,0.5949142387309974,Win
-1000.0,-1.0,long,2.6304,2.5649,15782,15799,SL,2025-05-14 09:30:00+00:00,2025-05-14 13:45:00+00:00,0.9234105730228019,Loss
1000.0,1.0,short,2.465,2.4355,15878,15897,TP,2025-05-15 09:30:00+00:00,2025-05-15 14:15:00+00:00,0.6223873733841512,Win
-1000.0,-1.0,short,2.3872,2.4249,15969,15979,SL,2025-05-16 08:15:00+00:00,2025-05-16 10:45:00+00:00,0.6168566680979686,Loss
1000.0,1.0,short,2.3573,2.3254,16069,16087,TP,2025-05-17 09:15:00+00:00,2025-05-17 13:45:00+00:00,0.5117595126125416,Win
1000.0,1.0,long,2.4013,2.4097,16182,16186,TP,2025-05-18 13:30:00+00:00,2025-05-18 14:30:00+00:00,0.3129407437461266,Win
-1000.0,-1.0,short,2.3181,2.3433,16395,16399,SL,2025-05-20 18:45:00+00:00,2025-05-20 19:45:00+00:00,0.4924619254319046,Loss
1000.0,1.0,long,2.3899,2.4346,16495,16548,TP,2025-05-21 19:45:00+00:00,2025-05-22 09:00:00+00:00,0.7580619439997138,Win
1000.0,1.0,long,2.4225,2.4323,16602,16613,TP,2025-05-22 22:30:00+00:00,2025-05-23 01:15:00+00:00,0.3389830376340497,Win
-1000.0,-1.0,long,2.4479,2.4205,16644,16655,SL,2025-05-23 09:00:00+00:00,2025-05-23 11:45:00+00:00,0.4464242516021111,Loss
1000.0,1.0,short,2.3505,2.3161,16683,16700,TP,2025-05-23 18:45:00+00:00,2025-05-23 23:00:00+00:00,0.5268801855833946,Win
-1000.0,-1.0,short,2.2891,2.3074,16858,16879,SL,2025-05-25 14:30:00+00:00,2025-05-25 19:45:00+00:00,0.33788083434443633,Loss
1000.0,1.0,short,2.2906,2.2716,17198,17260,TP,2025-05-29 03:30:00+00:00,2025-05-29 19:00:00+00:00,0.42262072257208033,Win
1000.0,1.0,short,2.2608,2.2436,17275,17282,TP,2025-05-29 22:45:00+00:00,2025-05-30 00:30:00+00:00,0.3820185114106354,Win
1000.0,1.0,short,2.1998,2.17,17304,17336,TP,2025-05-30 06:00:00+00:00,2025-05-30 14:00:00+00:00,0.5103000771965784,Win
1000.0,1.0,short,2.1648,2.1397,17345,17376,TP,2025-05-30 16:15:00+00:00,2025-05-31 00:00:00+00:00,0.6494200604448033,Win
1000.0,1.0,short,2.1834,2.1656,17466,17479,TP,2025-05-31 22:30:00+00:00,2025-06-01 01:45:00+00:00,0.3192368711283002,Win
-1000.0,-1.0,short,2.1568,2.1727,17545,17564,SL,2025-06-01 18:15:00+00:00,2025-06-01 23:00:00+00:00,0.3737070650092048,Loss
-1000.0,-1.0,long,2.1715,2.1633,17586,17604,SL,2025-06-02 04:30:00+00:00,2025-06-02 09:00:00+00:00,0.33588701217740224,Loss
-1000.0,-1.0,short,2.1701,2.292,18019,18375,Signal,2025-06-06 16:45:00+00:00,2025-06-10 09:45:00+00:00,0.3807877768639707,Loss
1000.0,1.0,long,2.292,2.2926,18375,18382,TP,2025-06-10 09:45:00+00:00,2025-06-10 11:30:00+00:00,0.32730441376015035,Win
1000.0,1.0,short,2.2405,2.2282,18557,18607,TP,2025-06-12 07:15:00+00:00,2025-06-12 19:45:00+00:00,0.312337649876542,Win
1000.0,1.0,short,2.1676,2.1374,19091,19147,TP,2025-06-17 20:45:00+00:00,2025-06-18 10:45:00+00:00,0.5983998769017036,Win
1000.0,1.0,short,2.1219,2.1018,19383,19465,TP,2025-06-20 21:45:00+00:00,2025-06-21 18:15:00+00:00,0.4584566325014062,Win
-1000.0,-1.0,short,1.9353,1.9593,19568,19576,SL,2025-06-22 20:00:00+00:00,2025-06-22 22:00:00+00:00,0.857220265509824,Loss
1000.0,1.0,long,2.1585,2.1857,19700,19703,TP,2025-06-24 05:00:00+00:00,2025-06-24 05:45:00+00:00,0.48509714533869674,Win
-374.8822161792112,-0.3748822161792112,long,2.2002,2.1914,19746,19817,Signal,2025-06-24 16:30:00+00:00,2025-06-25 10:15:00+00:00,0.547971887031216,Loss
1000.0,1.0,long,2.1914,2.2099,19817,19830,TP,2025-06-25 10:15:00+00:00,2025-06-25 13:30:00+00:00,0.3556349367058587,Win
-1000.0,-1.0,long,2.1985,2.1706,19852,19920,SL,2025-06-25 19:00:00+00:00,2025-06-26 12:00:00+00:00,0.4444029392722439,Loss
1000.0,1.0,short,2.1207,2.1067,19956,19970,TP,2025-06-26 21:00:00+00:00,2025-06-27 00:30:00+00:00,0.5019075028231071,Win
1000.0,1.0,short,2.0947,2.0818,19990,20027,TP,2025-06-27 05:30:00+00:00,2025-06-27 14:45:00+00:00,0.366990580039424,Win
1000.0,1.0,long,2.2493,2.2686,20562,20569,TP,2025-07-03 04:00:00+00:00,2025-07-03 05:45:00+00:00,0.3573504899861848,Win
-1000.0,-1.0,long,2.2689,2.2443,20619,20666,SL,2025-07-03 18:15:00+00:00,2025-07-04 06:00:00+00:00,0.5097563036489584,Loss
-1000.0,-1.0,short,2.2073,2.2283,20717,20763,SL,2025-07-04 18:45:00+00:00,2025-07-05 06:15:00+00:00,0.3738559383399831,Loss
-1000.0,-1.0,long,2.2796,2.263,20886,20907,SL,2025-07-06 13:00:00+00:00,2025-07-06 18:15:00+00:00,0.36558327209915703,Loss
1000.0,1.0,long,2.302,2.3191,21094,21144,TP,2025-07-08 17:00:00+00:00,2025-07-09 05:30:00+00:00,0.35525271339879466,Win
1000.0,1.0,long,2.3851,2.4082,21189,21200,TP,2025-07-09 16:45:00+00:00,2025-07-09 19:30:00+00:00,0.4706566486189928,Win
950.9467751461428,0.9509467751461428,long,2.4163,2.4401,21210,21247,Signal,2025-07-09 22:00:00+00:00,2025-07-10 07:15:00+00:00,0.503052950485936,Win
614.1757818877795,0.6141757818877795,long,2.4401,2.4593,21247,21264,Signal,2025-07-10 07:15:00+00:00,2025-07-10 11:30:00+00:00,0.34526188592291296,Win
-1000.0,-1.0,long,2.4593,2.432,21264,21273,SL,2025-07-10 11:30:00+00:00,2025-07-10 13:45:00+00:00,0.42705091985740085,Loss
1000.0,1.0,long,2.5481,2.5835,21320,21324,TP,2025-07-11 01:30:00+00:00,2025-07-11 02:30:00+00:00,0.5597533114340487,Win
1000.0,1.0,long,2.5961,2.6205,21344,21355,TP,2025-07-11 07:30:00+00:00,2025-07-11 10:15:00+00:00,0.583515401893749,Win
1000.0,1.0,long,2.8158,2.842,21556,21563,TP,2025-07-13 12:30:00+00:00,2025-07-13 14:15:00+00:00,0.5409320527097241,Win
-1000.0,-1.0,long,2.8656,2.8429,21579,21592,SL,2025-07-13 18:15:00+00:00,2025-07-13 21:30:00+00:00,0.7601975835701491,Loss
-1000.0,-1.0,long,3.0109,2.9694,21658,21665,SL,2025-07-14 14:00:00+00:00,2025-07-14 15:45:00+00:00,0.986201923243958,Loss
1000.0,1.0,long,3.0742,3.1159,21909,21912,TP,2025-07-17 04:45:00+00:00,2025-07-17 05:30:00+00:00,0.7379643051023171,Win
1000.0,1.0,long,3.2652,3.3349,21957,21965,TP,2025-07-17 16:45:00+00:00,2025-07-17 18:45:00+00:00,0.9661522663488562,Win
-1000.0,-1.0,long,3.5031,3.4171,22035,22047,SL,2025-07-18 12:15:00+00:00,2025-07-18 15:15:00+00:00,1.0214177227989285,Loss
-1000.0,-1.0,short,3.3956,3.4318,22166,22207,SL,2025-07-19 21:00:00+00:00,2025-07-20 07:15:00+00:00,0.5483669331657418,Loss
1000.0,1.0,long,3.4811,3.5232,22282,22299,TP,2025-07-21 02:00:00+00:00,2025-07-21 06:15:00+00:00,0.7291856123324424,Win
1000.0,1.0,long,3.574,3.6148,22329,22333,TP,2025-07-21 13:45:00+00:00,2025-07-21 14:45:00+00:00,0.5662216317506715,Win
-1000.0,-1.0,short,3.4378,3.5071,22402,22417,SL,2025-07-22 08:00:00+00:00,2025-07-22 11:45:00+00:00,0.7613139269842131,Loss
1000.0,1.0,short,3.1642,3.0839,22579,22583,TP,2025-07-24 04:15:00+00:00,2025-07-24 05:15:00+00:00,0.9759125389171394,Win
-1000.0,-1.0,short,3.0719,3.1194,22714,22760,Signal,2025-07-25 14:00:00+00:00,2025-07-26 01:30:00+00:00,0.8711469336010231,Loss
-1000.0,-1.0,short,3.1194,3.1454,22760,22764,SL,2025-07-26 01:30:00+00:00,2025-07-26 02:30:00+00:00,0.45059074241518066,Loss
-1000.0,-1.0,long,3.2035,3.1874,22818,22824,SL,2025-07-26 16:00:00+00:00,2025-07-26 17:30:00+00:00,0.38307524582038616,Loss
307.15093221768313,0.30715093221768314,long,3.2072,3.2223,22903,22930,Signal,2025-07-27 13:15:00+00:00,2025-07-27 20:00:00+00:00,0.43647506593309526,Win
1000.0,1.0,long,3.2223,3.242,22930,22947,TP,2025-07-27 20:00:00+00:00,2025-07-28 00:15:00+00:00,0.5109493036045203,Win
-1000.0,-1.0,long,3.277,3.23,22956,22998,SL,2025-07-28 02:30:00+00:00,2025-07-28 13:00:00+00:00,0.6383445722259888,Loss
-1000.0,-1.0,short,3.1155,3.1754,23040,23074,SL,2025-07-28 23:30:00+00:00,2025-07-29 08:00:00+00:00,0.7175500711352522,Loss
1000.0,1.0,short,3.1026,3.0504,23122,23214,TP,2025-07-29 20:00:00+00:00,2025-07-30 19:00:00+00:00,0.6712163928266641,Win
-1000.0,-1.0,long,3.1201,3.086,23299,23306,SL,2025-07-31 16:15:00+00:00,2025-07-31 18:00:00+00:00,0.5027850102699654,Loss
1000.0,1.0,short,2.9695,2.9558,23351,23362,TP,2025-08-01 05:15:00+00:00,2025-08-01 08:00:00+00:00,0.7175956784427266,Win
1000.0,1.0,short,2.9679,2.9251,23451,23480,TP,2025-08-02 06:15:00+00:00,2025-08-02 13:30:00+00:00,0.5289216175670957,Win
-1000.0,-1.0,short,2.7418,2.7989,23519,23530,SL,2025-08-02 23:15:00+00:00,2025-08-03 02:00:00+00:00,0.8907468090197351,Loss
1000.0,1.0,long,3.0004,3.0019,23648,23672,TP,2025-08-04 07:30:00+00:00,2025-08-04 13:30:00+00:00,0.471213679894386,Win
220.72391212859154,0.22072391212859155,long,3.0672,3.0771,23684,23704,Signal,2025-08-04 16:30:00+00:00,2025-08-04 21:30:00+00:00,0.6274785823925437,Win
-1000.0,-1.0,long,3.0771,3.038,23704,23730,SL,2025-08-04 21:30:00+00:00,2025-08-05 04:00:00+00:00,0.4874414525956168,Loss
-1000.0,-1.0,short,2.9316,2.9624,23813,23869,SL,2025-08-06 00:45:00+00:00,2025-08-06 14:45:00+00:00,0.5115788389812229,Loss
1000.0,1.0,long,3.061,3.0737,23983,23985,TP,2025-08-07 19:15:00+00:00,2025-08-07 19:45:00+00:00,0.400103866204314,Win
1000.0,1.0,short,3.2385,3.2354,24219,24224,TP,2025-08-10 06:15:00+00:00,2025-08-10 07:30:00+00:00,0.4533003270595487,Win
-193.04484250897613,-0.19304484250897613,short,3.1771,3.1841,24248,24275,Signal,2025-08-10 13:30:00+00:00,2025-08-10 20:15:00+00:00,0.46946514339081996,Loss
-1000.0,-1.0,short,3.1841,3.2167,24275,24296,SL,2025-08-10 20:15:00+00:00,2025-08-11 01:30:00+00:00,0.3804413354200383,Loss
144.55994711213367,0.14455994711213366,short,3.1342,3.1281,24407,24425,Signal,2025-08-12 05:15:00+00:00,2025-08-12 09:45:00+00:00,0.4163910097500698,Win
-1000.0,-1.0,short,3.1281,3.1616,24425,24436,SL,2025-08-12 09:45:00+00:00,2025-08-12 12:30:00+00:00,0.4487804124330152,Loss
1000.0,1.0,long,3.2398,3.2847,24493,24517,TP,2025-08-13 02:45:00+00:00,2025-08-13 08:45:00+00:00,0.48378405054910356,Win
1000.0,1.0,long,3.2778,3.3211,24561,24586,TP,2025-08-13 19:45:00+00:00,2025-08-14 02:00:00+00:00,0.5400421391548182,Win
1000.0,1.0,short,3.1101,3.0838,24704,24729,TP,2025-08-15 07:30:00+00:00,2025-08-15 13:45:00+00:00,0.37490736873124036,Win
-1000.0,-1.0,short,2.877,2.9069,25184,25189,SL,2025-08-20 07:30:00+00:00,2025-08-20 08:45:00+00:00,0.3992420688301328,Loss
-1000.0,-1.0,short,2.8634,2.8886,25208,25214,SL,2025-08-20 13:30:00+00:00,2025-08-20 15:00:00+00:00,0.542861331712809,Loss
164.6815931120549,0.1646815931120549,short,2.8767,2.8689,25310,25328,Signal,2025-08-21 15:00:00+00:00,2025-08-21 19:30:00+00:00,0.592909666245482,Win
501.8010695215351,0.5018010695215351,short,2.8689,2.8485,25328,25359,Signal,2025-08-21 19:30:00+00:00,2025-08-22 03:15:00+00:00,0.5488247837634959,Win
11.30723126504427,0.01130723126504427,short,2.8485,2.8481,25359,25386,Signal,2025-08-22 03:15:00+00:00,2025-08-22 10:00:00+00:00,0.4723478246421874,Win
1000.0,1.0,short,2.8481,2.8226,25386,25392,TP,2025-08-22 10:00:00+00:00,2025-08-22 11:30:00+00:00,0.4139674917845084,Win
1000.0,1.0,long,3.0302,3.0653,25460,25545,TP,2025-08-23 04:30:00+00:00,2025-08-24 01:45:00+00:00,0.5757226563897614,Win
-1000.0,-1.0,short,2.898,2.8942,25775,25780,SL,2025-08-26 11:15:00+00:00,2025-08-26 12:30:00+00:00,0.3874739173446798,Loss
-1000.0,-1.0,long,3.0155,2.9977,25842,25907,SL,2025-08-27 04:00:00+00:00,2025-08-27 20:15:00+00:00,0.4479340019532928,Loss
1000.0,1.0,short,2.9508,2.9274,26022,26037,TP,2025-08-29 01:00:00+00:00,2025-08-29 04:45:00+00:00,0.36579290205809645,Win
1000.0,1.0,short,2.8571,2.8219,26072,26077,TP,2025-08-29 13:30:00+00:00,2025-08-29 14:45:00+00:00,0.4543493976369644,Win
-203.60378758567578,-0.20360378758567577,short,2.7911,2.7984,26100,26119,Signal,2025-08-29 20:30:00+00:00,2025-08-30 01:15:00+00:00,0.5714693027097714,Loss
1000.0,1.0,short,2.7984,2.7946,26119,26121,TP,2025-08-30 01:15:00+00:00,2025-08-30 01:45:00+00:00,0.4281937814508489,Win
164.99264265482643,0.16499264265482644,long,2.8073,2.8148,26456,26480,Signal,2025-09-02 13:30:00+00:00,2025-09-02 19:30:00+00:00,0.480542842984603,Win
1000.0,1.0,long,2.8148,2.8489,26480,26493,TP,2025-09-02 19:30:00+00:00,2025-09-02 22:45:00+00:00,0.5397424852085212,Win
-1000.0,-1.0,long,2.8542,2.8268,26506,26522,SL,2025-09-03 02:00:00+00:00,2025-09-03 06:00:00+00:00,0.45065502638199684,Loss
-1000.0,-1.0,short,2.7946,2.8137,26689,26718,SL,2025-09-04 23:45:00+00:00,2025-09-05 07:00:00+00:00,0.3371300897876782,Loss
-1000.0,-1.0,long,2.8374,2.8049,26764,26831,SL,2025-09-05 18:30:00+00:00,2025-09-06 11:15:00+00:00,0.4112061867488046,Loss
286.6231507834199,0.2866231507834199,long,2.8922,2.9012,26990,27007,Signal,2025-09-08 03:00:00+00:00,2025-09-08 07:15:00+00:00,0.3695691957062712,Win
1000.0,1.0,long,2.9012,2.9187,27007,27017,TP,2025-09-08 07:15:00+00:00,2025-09-08 09:45:00+00:00,0.36189423693534667,Win
-1000.0,-1.0,long,3.0296,3.0296,27315,27316,SL,2025-09-11 12:15:00+00:00,2025-09-11 12:30:00+00:00,0.30186032906293764,Loss
-1000.0,-1.0,long,3.0558,3.0389,27383,27410,SL,2025-09-12 05:15:00+00:00,2025-09-12 12:00:00+00:00,0.30735184452618003,Loss
-1000.0,-1.0,short,2.9951,3.0223,27727,27781,SL,2025-09-15 19:15:00+00:00,2025-09-16 08:45:00+00:00,0.49515080508728565,Loss
1000.0,1.0,long,3.089,3.1229,27968,27978,TP,2025-09-18 07:30:00+00:00,2025-09-18 10:00:00+00:00,0.367844409852428,Win
1000.0,1.0,short,3.0228,3.0083,28091,28094,TP,2025-09-19 14:15:00+00:00,2025-09-19 15:00:00+00:00,0.3117978136901828,Win
-1000.0,-1.0,short,2.8335,2.8615,28397,28439,SL,2025-09-22 18:45:00+00:00,2025-09-23 05:15:00+00:00,0.4755840451124578,Loss
1000.0,1.0,short,2.8052,2.7619,28675,28679,TP,2025-09-25 16:15:00+00:00,2025-09-25 17:15:00+00:00,0.5593279026966014,Win
-1000.0,-1.0,short,2.7606,2.869,28689,29022,Signal,2025-09-25 19:45:00+00:00,2025-09-29 07:00:00+00:00,0.7951915742922921,Loss
1000.0,1.0,long,2.869,2.8916,29022,29024,TP,2025-09-29 07:00:00+00:00,2025-09-29 07:30:00+00:00,0.32595132075135297,Win
-1000.0,-1.0,long,2.8977,2.8645,29073,29124,SL,2025-09-29 19:45:00+00:00,2025-09-30 08:30:00+00:00,0.4091474068256096,Loss
208.95647536661662,0.20895647536661663,long,2.9427,2.9485,29262,29281,Signal,2025-10-01 19:00:00+00:00,2025-10-01 23:45:00+00:00,0.35123521391717005,Win
1000.0,1.0,long,2.9485,2.9665,29281,29292,TP,2025-10-01 23:45:00+00:00,2025-10-02 02:30:00+00:00,0.31441620069489856,Win
-1000.0,-1.0,long,2.9793,2.9647,29309,29341,SL,2025-10-02 06:45:00+00:00,2025-10-02 14:45:00+00:00,0.3436837715748234,Loss
1000.0,1.0,long,3.0294,3.0551,29397,29441,TP,2025-10-03 04:45:00+00:00,2025-10-03 15:45:00+00:00,0.37833417886576515,Win
1000.0,1.0,short,2.9511,2.954,29816,29818,TP,2025-10-07 13:30:00+00:00,2025-10-07 14:00:00+00:00,0.3871894709745776,Win
-1000.0,-1.0,short,2.856,2.8733,29870,29914,SL,2025-10-08 03:00:00+00:00,2025-10-08 14:00:00+00:00,0.34424242970161506,Loss
304.09447323065706,0.3040944732306571,short,2.8052,2.7972,30011,30061,Signal,2025-10-09 14:15:00+00:00,2025-10-10 02:45:00+00:00,0.4334125997855285,Win
-1000.0,-1.0,short,2.7972,2.8209,30061,30064,SL,2025-10-10 02:45:00+00:00,2025-10-10 03:30:00+00:00,0.31260532736826624,Loss
1000.0,1.0,short,2.441,2.3743,30199,30228,TP,2025-10-11 13:15:00+00:00,2025-10-11 20:30:00+00:00,1.0779836141024397,Win
-1000.0,-1.0,short,2.3418,2.4015,30245,30282,SL,2025-10-12 00:45:00+00:00,2025-10-12 10:00:00+00:00,0.9336285125340528,Loss
1000.0,1.0,long,2.5586,2.6053,30349,30366,TP,2025-10-13 02:45:00+00:00,2025-10-13 07:00:00+00:00,0.7514108555518975,Win
-1000.0,-1.0,long,2.5956,2.5401,30392,30453,SL,2025-10-13 13:30:00+00:00,2025-10-14 04:45:00+00:00,0.91639616488763,Loss
1000.0,1.0,short,2.3983,2.3956,30659,30664,TP,2025-10-16 08:15:00+00:00,2025-10-16 09:30:00+00:00,0.4752589005456297,Win
1000.0,1.0,short,2.3378,2.3203,30744,30748,TP,2025-10-17 05:30:00+00:00,2025-10-17 06:30:00+00:00,0.6022541274736304,Win
-1000.0,-1.0,short,2.3045,2.3327,30814,30842,SL,2025-10-17 23:00:00+00:00,2025-10-18 06:00:00+00:00,0.5799211971622902,Loss
-1000.0,-1.0,long,2.3622,2.3344,30887,30949,SL,2025-10-18 17:15:00+00:00,2025-10-19 08:45:00+00:00,0.4659580662522673,Loss
-1000.0,-1.0,long,2.4029,2.378,30969,31011,SL,2025-10-19 13:45:00+00:00,2025-10-20 00:15:00+00:00,0.5448007757646844,Loss
-1000.0,-1.0,long,2.4705,2.4628,31069,31074,SL,2025-10-20 14:45:00+00:00,2025-10-20 16:00:00+00:00,0.3833048924006921,Loss
1000.0,1.0,short,2.4029,2.3824,31223,31246,TP,2025-10-22 05:15:00+00:00,2025-10-22 11:00:00+00:00,0.5324372827287539,Win
-1000.0,-1.0,short,2.3757,2.4105,31259,31262,SL,2025-10-22 14:15:00+00:00,2025-10-22 15:00:00+00:00,0.5652454674340971,Loss
1000.0,1.0,long,2.401,2.4174,31404,31412,TP,2025-10-24 02:30:00+00:00,2025-10-24 04:30:00+00:00,0.3116968355892899,Win
1000.0,1.0,long,2.4652,2.4601,31442,31444,TP,2025-10-24 12:00:00+00:00,2025-10-24 12:30:00+00:00,0.36641786922870323,Win
1000.0,1.0,long,2.4913,2.5215,31469,31493,TP,2025-10-24 18:45:00+00:00,2025-10-25 00:45:00+00:00,0.5206263100153561,Win
1000.0,1.0,long,2.5512,2.5681,31533,31540,TP,2025-10-25 10:45:00+00:00,2025-10-25 12:30:00+00:00,0.4003113606715486,Win
1000.0,1.0,long,2.6092,2.6237,31563,31565,TP,2025-10-25 18:15:00+00:00,2025-10-25 18:45:00+00:00,0.37631813216384263,Win
-1000.0,-1.0,long,2.6486,2.6198,31632,31662,SL,2025-10-26 11:30:00+00:00,2025-10-26 19:00:00+00:00,0.391998669385141,Loss
-1000.0,-1.0,long,2.6624,2.6478,31702,31712,SL,2025-10-27 05:00:00+00:00,2025-10-27 07:30:00+00:00,0.43958800343251647,Loss
